1660267259,Nguyen Huy Truc,null,hue
1660267316,Nguyen Huy Truc,null,hue
1660267779,Dang Minh Sang,null,hueee
1660267921,Nguyen Tan Luong,null,hue
1660444965,Tran Ngoc Trung,null,hue
1660445359,Tasd Tra,null,qwert
1660445393,Ka Ka,null,gfds
1660446619,Ha Ha,null,hgfd
1660446619,Ha Ha,null,hgfd
1660446876,Tra,null,qwertr
1660446876,Tra,null,qwertr
1660447265,Trug,null,asdf
1660447389,Trung,0987654321,asd
1660447389,Trung,0987654321,asd
1660447389,Trung,0987654321,asd
1660447389,Trung,0987654321,asd
1660525283,Dang Minh Sang,09876678891,hue
1660525283,Dang Minh Sang,09876678891,hue
1660639941,Dinh Quoc Nhat,0979467439,Ca Mau
1660640238,Dinh Quoc Nhat,0975962431,hue
1660640569,Hahahahha,0849823975,Hueeeeee
1660640702,HIhi,01238241213,;;
1660640851,JHJYG,0984123891,Phu Da
1660641252,JJfkjfk,0842719113,hueeee
1660641435,Duc Phuong,0958238412,yeu hue
1660641707,HOOO,0942859302,da nang
1660642137,Jdasfdasfs,04723842324,dfasa
1660644263,Le Huu Tien,0379016175,Phu Vang
